USE db_gest_mais;

-- INSERIR FUNÇÕES DO SISTEMA
INSERT INTO FUNCOES_SISTEMA (CD_FUNCAO, NOME_FUNCAO, ATIVO, USU_INCLUSAO) VALUES (1, 'Consultar pessoa', 1, 'ADMIN');
INSERT INTO FUNCOES_SISTEMA (CD_FUNCAO, NOME_FUNCAO, ATIVO, USU_INCLUSAO) VALUES (2, 'Consultar perfil de acesso', 1, 'ADMIN');
INSERT INTO FUNCOES_SISTEMA (CD_FUNCAO, NOME_FUNCAO, ATIVO, USU_INCLUSAO) VALUES (3, 'Consultar usuário', 1, 'ADMIN');
INSERT INTO FUNCOES_SISTEMA (CD_FUNCAO, NOME_FUNCAO, ATIVO, USU_INCLUSAO) VALUES (4, 'Consultar empresa consultoria', 1, 'ADMIN');
INSERT INTO FUNCOES_SISTEMA (CD_FUNCAO, NOME_FUNCAO, ATIVO, USU_INCLUSAO) VALUES (5, 'Consultar cliente', 1, 'ADMIN');
INSERT INTO FUNCOES_SISTEMA (CD_FUNCAO, NOME_FUNCAO, ATIVO, USU_INCLUSAO) VALUES (6, 'Consultar funcionário cliente', 1, 'ADMIN');
INSERT INTO FUNCOES_SISTEMA (CD_FUNCAO, NOME_FUNCAO, ATIVO, USU_INCLUSAO) VALUES (7, 'Consultar cargo', 1, 'ADMIN');
INSERT INTO FUNCOES_SISTEMA (CD_FUNCAO, NOME_FUNCAO, ATIVO, USU_INCLUSAO) VALUES (8, 'Gerenciar pessoa', 1, 'ADMIN');
INSERT INTO FUNCOES_SISTEMA (CD_FUNCAO, NOME_FUNCAO, ATIVO, USU_INCLUSAO) VALUES (9, 'Gerenciar perfil de acesso', 1, 'ADMIN');
INSERT INTO FUNCOES_SISTEMA (CD_FUNCAO, NOME_FUNCAO, ATIVO, USU_INCLUSAO) VALUES (10, 'Gerenciar usuário', 1, 'ADMIN');
INSERT INTO FUNCOES_SISTEMA (CD_FUNCAO, NOME_FUNCAO, ATIVO, USU_INCLUSAO) VALUES (11, 'Gerenciar empresa consultoria', 1, 'ADMIN');
INSERT INTO FUNCOES_SISTEMA (CD_FUNCAO, NOME_FUNCAO, ATIVO, USU_INCLUSAO) VALUES (12, 'Gerenciar cliente', 1, 'ADMIN');
INSERT INTO FUNCOES_SISTEMA (CD_FUNCAO, NOME_FUNCAO, ATIVO, USU_INCLUSAO) VALUES (13, 'Gerenciar funcionário cliente', 1, 'ADMIN');
INSERT INTO FUNCOES_SISTEMA (CD_FUNCAO, NOME_FUNCAO, ATIVO, USU_INCLUSAO) VALUES (14, 'Gerenciar cargo', 1, 'ADMIN');
INSERT INTO FUNCOES_SISTEMA (CD_FUNCAO, NOME_FUNCAO, ATIVO, USU_INCLUSAO) VALUES (15, 'Consultar projeto', 1, 'ADMIN');
INSERT INTO FUNCOES_SISTEMA (CD_FUNCAO, NOME_FUNCAO, ATIVO, USU_INCLUSAO) VALUES (16, 'Gerenciar projeto', 1, 'ADMIN');

-- INSERIR AS PESSOAS
INSERT INTO PESSOA (TP_PESSOA, CPF_CNPJ, USU_INCLUSAO) VALUES ('J', '0', 'ADMIN');
INSERT INTO PESSOA (TP_PESSOA, CPF_CNPJ, USU_INCLUSAO) VALUES ('F', '1', 'ADMIN');
INSERT INTO PESSOA (TP_PESSOA, CPF_CNPJ, USU_INCLUSAO) VALUES ('J', '99999999999999', 'ADMIN');
INSERT INTO PESSOA (TP_PESSOA, CPF_CNPJ, USU_INCLUSAO) VALUES ('F', '99999999999', 'ADMIN');
INSERT INTO PESSOA (TP_PESSOA, CPF_CNPJ, USU_INCLUSAO) VALUES ('F', '11111111111', 'ADMIN');
INSERT INTO PESSOA (TP_PESSOA, CPF_CNPJ, USU_INCLUSAO) VALUES ('J', '11111111111111', 'ADMIN');

-- INSERIR AS PESSOAS AUXILIARES
INSERT INTO PESSOA_AUX (CD_PESSOA, CD_EMPRESA, NOME, EMAIL, ATIVO, USU_INCLUSAO) VALUES (1, 1, 'GEST+', 'gest.plus@gmail.com', 1, 'ADMIN');
INSERT INTO PESSOA_AUX (CD_PESSOA, CD_EMPRESA, NOME, EMAIL, ATIVO, USU_INCLUSAO) VALUES (2, 1, 'ADMIN', 'gest.plus.admin@gmail.com', 1, 'ADMIN');
INSERT INTO PESSOA_AUX (CD_PESSOA, CD_EMPRESA, NOME, EMAIL, ATIVO, EMPRESA, USU_INCLUSAO) VALUES (3, 3, 'Consultoria XPTO', 'xpto@gmail.com', 1, 1, 'ADMIN');
INSERT INTO PESSOA_AUX (CD_PESSOA, CD_EMPRESA, NOME, EMAIL, ATIVO, USU_INCLUSAO) VALUES (4, 3, 'VICTOR ELARO', 'victorelaro@gmail.com', 1, 'ADMIN');
INSERT INTO PESSOA_AUX (CD_PESSOA, CD_EMPRESA, NOME, EMAIL, ATIVO, USU_INCLUSAO) VALUES (5, 3, 'GUILHERME PINELLI', 'guilhermepinelli@gmail.com', 1, 'ADMIN');
INSERT INTO PESSOA_AUX (CD_PESSOA, CD_EMPRESA, NOME, EMAIL, ATIVO, EMPRESA, USU_INCLUSAO) VALUES (6, 6, 'Consultoria A', 'a@gmail.com', 1, 1, 'ADMIN');
INSERT INTO PESSOA_AUX (CD_PESSOA, CD_EMPRESA, NOME, EMAIL, ATIVO, USU_INCLUSAO) VALUES (4, 6, 'VICTOR GARCIA', 'victorelaro@gmail.com', 1, 'ADMIN');
INSERT INTO PESSOA_AUX (CD_PESSOA, CD_EMPRESA, NOME, EMAIL, ATIVO, USU_INCLUSAO) VALUES (5, 6, 'GUILHERME ANTONIAZZI', 'guilhermepinelli@gmail.com', 1, 'ADMIN');

-- INSERIR OS PERFIS DE ACESSO
INSERT INTO PERFIL_ACESSO (NOME_PERFIL, ATIVO, USU_INCLUSAO) VALUES ('ADMINISTRADOR GERAL', 1, 'ADMIN');
INSERT INTO PERFIL_ACESSO (NOME_PERFIL, ATIVO, USU_INCLUSAO) VALUES ('GERENTE', 1, 'ADMIN');
INSERT INTO PERFIL_ACESSO (NOME_PERFIL, ATIVO, USU_INCLUSAO) VALUES ('VENDEDOR', 1, 'ADMIN');

-- INSERIR AS FUNÇÕES DO PERFIL
INSERT INTO FUNCOES_PERFIL (CD_PERFIL, CD_FUNCAO) VALUES (1, 1);
INSERT INTO FUNCOES_PERFIL (CD_PERFIL, CD_FUNCAO) VALUES (1, 2);
INSERT INTO FUNCOES_PERFIL (CD_PERFIL, CD_FUNCAO) VALUES (1, 3);
INSERT INTO FUNCOES_PERFIL (CD_PERFIL, CD_FUNCAO) VALUES (1, 4);
INSERT INTO FUNCOES_PERFIL (CD_PERFIL, CD_FUNCAO) VALUES (1, 5);
INSERT INTO FUNCOES_PERFIL (CD_PERFIL, CD_FUNCAO) VALUES (1, 6);
INSERT INTO FUNCOES_PERFIL (CD_PERFIL, CD_FUNCAO) VALUES (1, 7);
INSERT INTO FUNCOES_PERFIL (CD_PERFIL, CD_FUNCAO) VALUES (1, 8);
INSERT INTO FUNCOES_PERFIL (CD_PERFIL, CD_FUNCAO) VALUES (1, 9);
INSERT INTO FUNCOES_PERFIL (CD_PERFIL, CD_FUNCAO) VALUES (1, 10);
INSERT INTO FUNCOES_PERFIL (CD_PERFIL, CD_FUNCAO) VALUES (1, 11);
INSERT INTO FUNCOES_PERFIL (CD_PERFIL, CD_FUNCAO) VALUES (1, 12);
INSERT INTO FUNCOES_PERFIL (CD_PERFIL, CD_FUNCAO) VALUES (1, 13);
INSERT INTO FUNCOES_PERFIL (CD_PERFIL, CD_FUNCAO) VALUES (1, 14);

INSERT INTO FUNCOES_PERFIL (CD_PERFIL, CD_FUNCAO) VALUES (2, 1);
INSERT INTO FUNCOES_PERFIL (CD_PERFIL, CD_FUNCAO) VALUES (2, 4);
INSERT INTO FUNCOES_PERFIL (CD_PERFIL, CD_FUNCAO) VALUES (2, 5);
INSERT INTO FUNCOES_PERFIL (CD_PERFIL, CD_FUNCAO) VALUES (2, 6);
INSERT INTO FUNCOES_PERFIL (CD_PERFIL, CD_FUNCAO) VALUES (2, 8);
INSERT INTO FUNCOES_PERFIL (CD_PERFIL, CD_FUNCAO) VALUES (2, 11);
INSERT INTO FUNCOES_PERFIL (CD_PERFIL, CD_FUNCAO) VALUES (2, 12);
INSERT INTO FUNCOES_PERFIL (CD_PERFIL, CD_FUNCAO) VALUES (2, 13);
INSERT INTO FUNCOES_PERFIL (CD_PERFIL, CD_FUNCAO) VALUES (2, 15);
INSERT INTO FUNCOES_PERFIL (CD_PERFIL, CD_FUNCAO) VALUES (2, 16);

INSERT INTO FUNCOES_PERFIL (CD_PERFIL, CD_FUNCAO) VALUES (3, 1);
INSERT INTO FUNCOES_PERFIL (CD_PERFIL, CD_FUNCAO) VALUES (3, 4);
INSERT INTO FUNCOES_PERFIL (CD_PERFIL, CD_FUNCAO) VALUES (3, 5);
INSERT INTO FUNCOES_PERFIL (CD_PERFIL, CD_FUNCAO) VALUES (3, 6);
INSERT INTO FUNCOES_PERFIL (CD_PERFIL, CD_FUNCAO) VALUES (3, 15);

-- INSERIR USUÁRIOS
INSERT INTO USUARIO (CD_USUARIO, CD_PESSOA, ATIVO, SENHA, USU_INCLUSAO) VALUES ('ADMIN', 2, 1, '999', 'ADMIN');
INSERT INTO USUARIO (CD_USUARIO, CD_PESSOA, ATIVO, SENHA, USU_INCLUSAO) VALUES ('VICELAR', 4, 1, '123', 'ADMIN');
INSERT INTO USUARIO (CD_USUARIO, CD_PESSOA, ATIVO, SENHA, USU_INCLUSAO) VALUES ('GUIANTO', 5, 1, '123', 'ADMIN');

-- INSERIR USUÁRIO EMPRESA
INSERT INTO USUARIO_EMPRESA (CD_USUARIO, CD_EMPRESA, CD_PERFIL, ATIVO, USU_INCLUSAO) VALUES ('ADMIN', 1, 1, 1, 'ADMIN');
INSERT INTO USUARIO_EMPRESA (CD_USUARIO, CD_EMPRESA, CD_PERFIL, ATIVO, USU_INCLUSAO) VALUES ('VICELAR', 3, 2, 1, 'ADMIN');
INSERT INTO USUARIO_EMPRESA (CD_USUARIO, CD_EMPRESA, CD_PERFIL, ATIVO, USU_INCLUSAO) VALUES ('GUIANTO', 3, 2, 1, 'ADMIN');
INSERT INTO USUARIO_EMPRESA (CD_USUARIO, CD_EMPRESA, CD_PERFIL, ATIVO, USU_INCLUSAO) VALUES ('VICELAR', 6, 3, 1, 'ADMIN');
INSERT INTO USUARIO_EMPRESA (CD_USUARIO, CD_EMPRESA, CD_PERFIL, ATIVO, USU_INCLUSAO) VALUES ('GUIANTO', 6, 3, 1, 'ADMIN');

-- INSERIR CARGO DO FUNCIONÁRIO
INSERT INTO CARGO (DESC_CARGO, ATIVO, USU_INCLUSAO) VALUES('Superintendente', 1, 'ADMIN');
INSERT INTO CARGO (DESC_CARGO, ATIVO, USU_INCLUSAO) VALUES('Gerente', 1, 'ADMIN');
INSERT INTO CARGO (DESC_CARGO, ATIVO, USU_INCLUSAO) VALUES('Funcionário', 1, 'ADMIN');

-- INSERIR SITUAÇÃO DO PROJETO
INSERT INTO SITUACAO_PROJ (DESC_SITUACAO, ATIVO, ATIVIDADE, COR, USU_INCLUSAO) VALUES ('Iniciação', 1, 0, NULL, 'ADMIN');
INSERT INTO SITUACAO_PROJ (DESC_SITUACAO, ATIVO, ATIVIDADE, COR, USU_INCLUSAO) VALUES ('Planejamento', 1, 0, NULL, 'ADMIN');
INSERT INTO SITUACAO_PROJ (DESC_SITUACAO, ATIVO, ATIVIDADE, COR, USU_INCLUSAO) VALUES ('Execução', 1, 0, NULL, 'ADMIN');
INSERT INTO SITUACAO_PROJ (DESC_SITUACAO, ATIVO, ATIVIDADE, COR, USU_INCLUSAO) VALUES ('Monitoramento', 1, 0, NULL, 'ADMIN');
INSERT INTO SITUACAO_PROJ (DESC_SITUACAO, ATIVO, ATIVIDADE, COR, USU_INCLUSAO) VALUES ('Encerramento', 1, 0, NULL, 'ADMIN');

INSERT INTO SITUACAO_PROJ (DESC_SITUACAO, ATIVO, ATIVIDADE, COR, USU_INCLUSAO) VALUES ('Adiantado', 1, 1, '#00FF00', 'ADMIN');
INSERT INTO SITUACAO_PROJ (DESC_SITUACAO, ATIVO, ATIVIDADE, COR, USU_INCLUSAO) VALUES ('Em dia', 1, 1, '#0000FF', 'ADMIN');
INSERT INTO SITUACAO_PROJ (DESC_SITUACAO, ATIVO, ATIVIDADE, COR, USU_INCLUSAO) VALUES ('Atrasado', 1, 1, '#FF0000', 'ADMIN');